Insert into USERS (COMPANY_NAME,LOGIN,PASSWORD,COUNTRY,USER_TYPE,LAST_LOGIN) values ('Biedronka','bdr_user1','pbkdf2_sha256$870000$LAT6CSKt7zTcdGkJz8kw5z$8BN3/h8qxEsLCLDb6Vt2glr9GWGf+1Ql5snJUhCRYBE=','Portugal','CLIENT',TO_DATE('2024/05/01', 'YYYY/MM/DD'));
Insert into USERS (COMPANY_NAME,LOGIN,PASSWORD,COUNTRY,USER_TYPE,LAST_LOGIN) values ('Lidl','lidl_poland','pbkdf2_sha256$870000$WmNBbkyeHITEkaguN23Yeb$efChuW1IDbHefJaBasGFr/3X9bqsCvuVQbf+1lnwcP0=','Germany','CLIENT',TO_DATE('2024/01/15', 'YYYY/MM/DD'));
Insert into USERS (COMPANY_NAME,LOGIN,PASSWORD,COUNTRY,USER_TYPE,LAST_LOGIN) values ('Carrefour','cfr_store','pbkdf2_sha256$870000$B5WtHQdMbFuloGZ9ihRiK3$CXOCWTtaCOuvexUl9xapQJt16nPrq9dh/WzHF+yYkTA=','France','CLIENT',TO_DATE('2024/02/02', 'YYYY/MM/DD'));
Insert into USERS (COMPANY_NAME,LOGIN,PASSWORD,COUNTRY,USER_TYPE,LAST_LOGIN) values ('Auchan','auch_shop','pbkdf2_sha256$870000$QLoRYeeqTkSyTY0ELD80eS$EyHjaNy5yu/AUD+7eZ9PqqW8S27MRYQiWL/YLdzC0vc=','France','CLIENT',TO_DATE('2024/03/03', 'YYYY/MM/DD'));
Insert into USERS (COMPANY_NAME,LOGIN,PASSWORD,COUNTRY,USER_TYPE,LAST_LOGIN) values ('Kaufland','kau_pro','pbkdf2_sha256$870000$Kqczc6JXniqThIH4lojiZv$NchKdlv8cbk/hXtkuitr5Cga9T+cuyKDp41E3GXMKX0=','Germany','CLIENT',TO_DATE('2024/05/12', 'YYYY/MM/DD'));
Insert into USERS (COMPANY_NAME,LOGIN,PASSWORD,COUNTRY,USER_TYPE,LAST_LOGIN) values ('Aldi','aldi_worker','pbkdf2_sha256$870000$ZQhTNGCMJBBRlTdrxUvJQK$EznFcK7/nxcp9HZfP2936eKm8vfc5QUG0yFINtTMCHk=','Germany','CLIENT',TO_DATE('2024/04/11', 'YYYY/MM/DD'));
Insert into USERS (COMPANY_NAME,LOGIN,PASSWORD,COUNTRY,USER_TYPE,LAST_LOGIN) values (' abka','zabka_finance','pbkdf2_sha256$870000$ywfmEUnQUFswGhFhsOkLb1$pPKF3QSchbscu+nrkpUtcNveydNT5uZu1ApwUuHM8bY=','Poland','CLIENT',TO_DATE('2024/06/10', 'YYYY/MM/DD'));
Insert into USERS (COMPANY_NAME,LOGIN,PASSWORD,COUNTRY,USER_TYPE,LAST_LOGIN) values ('Stokrotka','stk_store','pbkdf2_sha256$870000$2ObGXGWGSLA4WkYbTc5J1a$uao/CvwMTAHKzPr6n1b8UpxSR08jI4rPiUIcTg+i1zQ=','Poland','CLIENT',TO_DATE('2024/12/16', 'YYYY/MM/DD'));
Insert into USERS (COMPANY_NAME,LOGIN,PASSWORD,COUNTRY,USER_TYPE,LAST_LOGIN) values ('Intermarch ','inter_user','pbkdf2_sha256$870000$9hfjgt3mVSJ2zT9FWN61E4$CM2nfEejgEaKHj4I/fK9mD4A8qeqr6Y2Vk9Cfo7UT/A=','France','CLIENT',TO_DATE('2024/07/11', 'YYYY/MM/DD'));
Insert into USERS (COMPANY_NAME,LOGIN,PASSWORD,COUNTRY,USER_TYPE,LAST_LOGIN) values ('Tesco','tesco_pl','pbkdf2_sha256$870000$RkPv6WM2kgQsttXHUOKUhf$lp6fpV0bx/SXvllpBLaNz+IxI/QOi1WuQh8ghmbmXwc=','Great Britain','CLIENT',TO_DATE('2024/02/11', 'YYYY/MM/DD'));
Insert into USERS (COMPANY_NAME,LOGIN,PASSWORD,COUNTRY,USER_TYPE,LAST_LOGIN) values ('Spar','spar_usr01','pbkdf2_sha256$870000$6Cd8V9fAD4W9zZnc5SD5Jx$BwnjjhljH8eLO0KtKpPi0HK5s1ANMEE4AAdi/bqc55Q=','Netherlands','CLIENT',TO_DATE('2024/01/17', 'YYYY/MM/DD'));
Insert into USERS (COMPANY_NAME,LOGIN,PASSWORD,COUNTRY,USER_TYPE,LAST_LOGIN) values ('Walmart','wmt_worker','pbkdf2_sha256$870000$zJc1sns8qcD4Ble5xDhaeu$nr+u4HK8qTUghiFXULXWBajeUK7LL2VqxXU49TfbW8s=','USA','CLIENT',TO_DATE('2024/04/01', 'YYYY/MM/DD'));
Insert into USERS (COMPANY_NAME,LOGIN,PASSWORD,COUNTRY,USER_TYPE,LAST_LOGIN) values ('Costco','cst_customer','pbkdf2_sha256$870000$ru7VRB6FAd0wsI3K0hLJ04$RIbFCSZJsdNo8uODyZACMO+iA7briub9bfZ+Tm1xb6M=','USA','CLIENT',TO_DATE('2024/06/08', 'YYYY/MM/DD'));
Insert into USERS (COMPANY_NAME,LOGIN,PASSWORD,COUNTRY,USER_TYPE,LAST_LOGIN) values ('Sainsbury','sns_login','pbkdf2_sha256$870000$q7FPr88FBcaabrTcmOPeTV$mzdeXYzNjzDvRpFrN7HE8vFu5IGicB+GYJAxUzWKbG8=','Great Britain','CLIENT',TO_DATE('2024/02/06', 'YYYY/MM/DD'));
Insert into USERS (COMPANY_NAME,LOGIN,PASSWORD,COUNTRY,USER_TYPE,LAST_LOGIN) values ('Coles','coles_store1','pbkdf2_sha256$870000$enoNerKOmXUYwmt6aHV70R$XDnXyXX65t6BxDZk2pzd82ytdO+Hyl3GF3Ll0If9I6Q=','Australia','CLIENT',TO_DATE('2024/01/03', 'YYYY/MM/DD'));
Insert into USERS (COMPANY_NAME,LOGIN,PASSWORD,COUNTRY,USER_TYPE,LAST_LOGIN) values ('Migros','mig_usr01','pbkdf2_sha256$870000$m9iIIrvUSlmdebbXOEUF0x$3smAkyByJ1D4OXUcj0329jKHxrapAle1h53c5JOvFK4=','Switzerland','CLIENT',TO_DATE('2024/04/11', 'YYYY/MM/DD'));
Insert into USERS (COMPANY_NAME,LOGIN,PASSWORD,COUNTRY,USER_TYPE,LAST_LOGIN) values ('E.Leclerc','elec_shop','pbkdf2_sha256$870000$poxy3VIxwKuvCy7lxgRn1N$+/HUHDPemPv9erHSISoJCCRiLNp7D72Vph6ZqZlFUIc=','France','CLIENT',TO_DATE('2024/09/15', 'YYYY/MM/DD'));
Insert into USERS (COMPANY_NAME,LOGIN,PASSWORD,COUNTRY,USER_TYPE,LAST_LOGIN) values ('Mercadona','merca_customer','pbkdf2_sha256$870000$5nyUv7rWLLngrdrYaeMqjw$A40nSA8th9CrNpjaSg/v1UXH68wCbr93X/URfFfhxoE=','Spain','CLIENT',TO_DATE('2024/10/16', 'YYYY/MM/DD'));
Insert into USERS (COMPANY_NAME,LOGIN,PASSWORD,COUNTRY,USER_TYPE,LAST_LOGIN) values ('Jumbo','jmb_usr01','pbkdf2_sha256$870000$5KSViFA4N2vKnbEuzpLBy8$tjZj6oycpT/UxO6o/8gxrRnqbwjJUymkI+kDL31u7Bg=','Netherlands','CLIENT',TO_DATE('2024/11/12', 'YYYY/MM/DD'));
Insert into USERS (COMPANY_NAME,LOGIN,PASSWORD,COUNTRY,USER_TYPE,LAST_LOGIN) values ('Dino','dino_user','pbkdf2_sha256$870000$NER6lqcxM7KPhvydnGclgc$UkMhutwHspzQNuvLMfRUI0d07uDoKfb4WIsyeEdw2Hk=','Poland','CLIENT',TO_DATE('2024/10/20', 'YYYY/MM/DD'));
Insert into USERS (COMPANY_NAME,LOGIN,PASSWORD,COUNTRY,USER_TYPE,LAST_LOGIN) values ('Pingo Doce','pd_worker','pbkdf2_sha256$870000$d96vgjbpGMIbrt0H5cW9VG$YJ2acZSi8sAwZV6uyN++1TLaKAKsk+1znZ4Z54XUdiw=','Portugal','CLIENT',TO_DATE('2024/12/09', 'YYYY/MM/DD'));
Insert into USERS (COMPANY_NAME,LOGIN,PASSWORD,COUNTRY,USER_TYPE,LAST_LOGIN) values ('Lubella','andrzej21','pbkdf2_sha256$870000$p9xHxbs5py3mdZ5NFfGN3d$sEKeadphDBkN0K+ogvc86hxhQHqOAucR6IIxMe/GYOA=','Poland','ADMIN',TO_DATE('2025/01/16', 'YYYY/MM/DD'));
Insert into USERS (COMPANY_NAME,LOGIN,PASSWORD,COUNTRY,USER_TYPE,LAST_LOGIN) values ('Lubella','jagoda35','pbkdf2_sha256$870000$zX6RFG2oqhLrsNiyg9brMl$WetfSXgnnnF9a886t5NfIcc4Tl60VRyfuEMs22U0OoM=','Poland','ADMIN',TO_DATE('2025/01/15', 'YYYY/MM/DD'));



INSERT INTO STORAGE (pallet_id, number_of_pallets, standard) VALUES ('1', '57', '2');
INSERT INTO STORAGE (pallet_id, number_of_pallets, standard) VALUES ('2', '30', '15');
INSERT INTO STORAGE (pallet_id, number_of_pallets, standard) VALUES ('3', '66', '12');
INSERT INTO STORAGE (pallet_id, number_of_pallets, standard) VALUES ('4', '55', '8');
INSERT INTO STORAGE (pallet_id, number_of_pallets, standard) VALUES ('5', '40', '3');
INSERT INTO STORAGE (pallet_id, number_of_pallets, standard) VALUES ('6', '36', '11');
INSERT INTO STORAGE (pallet_id, number_of_pallets, standard) VALUES ('7', '57', '12');
INSERT INTO STORAGE (pallet_id, number_of_pallets, standard) VALUES ('8', '4', '8');
INSERT INTO STORAGE (pallet_id, number_of_pallets, standard) VALUES ('9', '31', '9');
INSERT INTO STORAGE (pallet_id, number_of_pallets, standard) VALUES ('10', '44', '5');
INSERT INTO STORAGE (pallet_id, number_of_pallets, standard) VALUES ('11', '11', '5');
INSERT INTO STORAGE (pallet_id, number_of_pallets, standard) VALUES ('12', '44', '10');
INSERT INTO STORAGE (pallet_id, number_of_pallets, standard) VALUES ('13', '57', '14');
INSERT INTO STORAGE (pallet_id, number_of_pallets, standard) VALUES ('14', '21', '5');
INSERT INTO STORAGE (pallet_id, number_of_pallets, standard) VALUES ('15', '8', '2');
INSERT INTO STORAGE (pallet_id, number_of_pallets, standard) VALUES ('16', '31', '7');
INSERT INTO STORAGE (pallet_id, number_of_pallets, standard) VALUES ('17', '52', '1');
INSERT INTO STORAGE (pallet_id, number_of_pallets, standard) VALUES ('18', '46', '5');
INSERT INTO STORAGE (pallet_id, number_of_pallets, standard) VALUES ('19', '23', '14');
INSERT INTO STORAGE (pallet_id, number_of_pallets, standard) VALUES ('20', '9', '6');
INSERT INTO STORAGE (pallet_id, number_of_pallets, standard) VALUES ('21', '56', '12');
INSERT INTO STORAGE (pallet_id, number_of_pallets, standard) VALUES ('22', '47', '9');
INSERT INTO STORAGE (pallet_id, number_of_pallets, standard) VALUES ('23', '48', '15');
INSERT INTO STORAGE (pallet_id, number_of_pallets, standard) VALUES ('24', '23', '1');
INSERT INTO STORAGE (pallet_id, number_of_pallets, standard) VALUES ('25', '7', '15');
INSERT INTO STORAGE (pallet_id, number_of_pallets, standard) VALUES ('26', '18', '13');
INSERT INTO STORAGE (pallet_id, number_of_pallets, standard) VALUES ('27', '45', '14');
INSERT INTO STORAGE (pallet_id, number_of_pallets, standard) VALUES ('28', '4', '2');
INSERT INTO STORAGE (pallet_id, number_of_pallets, standard) VALUES ('29', '45', '7');
INSERT INTO STORAGE (pallet_id, number_of_pallets, standard) VALUES ('30', '13', '15');
INSERT INTO STORAGE (pallet_id, number_of_pallets, standard) VALUES ('31', '35', '4');
INSERT INTO STORAGE (pallet_id, number_of_pallets, standard) VALUES ('32', '36', '11');
INSERT INTO STORAGE (pallet_id, number_of_pallets, standard) VALUES ('33', '28', '9');
INSERT INTO STORAGE (pallet_id, number_of_pallets, standard) VALUES ('34', '26', '15');
INSERT INTO STORAGE (pallet_id, number_of_pallets, standard) VALUES ('35', '24', '11');
INSERT INTO STORAGE (pallet_id, number_of_pallets, standard) VALUES ('36', '68', '7');
INSERT INTO STORAGE (pallet_id, number_of_pallets, standard) VALUES ('37', '57', '1');
INSERT INTO STORAGE (pallet_id, number_of_pallets, standard) VALUES ('38', '19', '14');
INSERT INTO STORAGE (pallet_id, number_of_pallets, standard) VALUES ('39', '6', '15');
INSERT INTO STORAGE (pallet_id, number_of_pallets, standard) VALUES ('40', '59', '10');
INSERT INTO STORAGE (pallet_id, number_of_pallets, standard) VALUES ('41', '26', '9');
INSERT INTO STORAGE (pallet_id, number_of_pallets, standard) VALUES ('42', '63', '15');
INSERT INTO STORAGE (pallet_id, number_of_pallets, standard) VALUES ('43', '62', '15');
INSERT INTO STORAGE (pallet_id, number_of_pallets, standard) VALUES ('44', '40', '5');
INSERT INTO STORAGE (pallet_id, number_of_pallets, standard) VALUES ('45', '22', '13');
INSERT INTO STORAGE (pallet_id, number_of_pallets, standard) VALUES ('46', '39', '2');
INSERT INTO STORAGE (pallet_id, number_of_pallets, standard) VALUES ('47', '35', '12');
INSERT INTO STORAGE (pallet_id, number_of_pallets, standard) VALUES ('48', '25', '14');
INSERT INTO STORAGE (pallet_id, number_of_pallets, standard) VALUES ('49', '39', '15');
INSERT INTO STORAGE (pallet_id, number_of_pallets, standard) VALUES ('50', '22', '2');
INSERT INTO STORAGE (pallet_id, number_of_pallets, standard) VALUES ('51', '12', '10');
INSERT INTO STORAGE (pallet_id, number_of_pallets, standard) VALUES ('52', '45', '10');
INSERT INTO STORAGE (pallet_id, number_of_pallets, standard) VALUES ('53', '48', '8');
INSERT INTO STORAGE (pallet_id, number_of_pallets, standard) VALUES ('54', '59', '11');
INSERT INTO STORAGE (pallet_id, number_of_pallets, standard) VALUES ('55', '13', '4');
INSERT INTO STORAGE (pallet_id, number_of_pallets, standard) VALUES ('56', '69', '8');
INSERT INTO STORAGE (pallet_id, number_of_pallets, standard) VALUES ('57', '16', '4');
INSERT INTO STORAGE (pallet_id, number_of_pallets, standard) VALUES ('58', '21', '4');
INSERT INTO STORAGE (pallet_id, number_of_pallets, standard) VALUES ('59', '54', '8');
INSERT INTO STORAGE (pallet_id, number_of_pallets, standard) VALUES ('60', '46', '13');
INSERT INTO STORAGE (pallet_id, number_of_pallets, standard) VALUES ('61', '57', '14');
INSERT INTO STORAGE (pallet_id, number_of_pallets, standard) VALUES ('62', '2', '1');
INSERT INTO STORAGE (pallet_id, number_of_pallets, standard) VALUES ('63', '24', '9');
INSERT INTO STORAGE (pallet_id, number_of_pallets, standard) VALUES ('64', '56', '14');
INSERT INTO STORAGE (pallet_id, number_of_pallets, standard) VALUES ('65', '70', '6');
INSERT INTO STORAGE (pallet_id, number_of_pallets, standard) VALUES ('66', '63', '11');
INSERT INTO STORAGE (pallet_id, number_of_pallets, standard) VALUES ('67', '22', '1');
INSERT INTO STORAGE (pallet_id, number_of_pallets, standard) VALUES ('68', '57', '4');
INSERT INTO STORAGE (pallet_id, number_of_pallets, standard) VALUES ('69', '3', '1');
INSERT INTO STORAGE (pallet_id, number_of_pallets, standard) VALUES ('70', '31', '14');
INSERT INTO STORAGE (pallet_id, number_of_pallets, standard) VALUES ('71', '61', '6');
INSERT INTO STORAGE (pallet_id, number_of_pallets, standard) VALUES ('72', '49', '6');
INSERT INTO STORAGE (pallet_id, number_of_pallets, standard) VALUES ('73', '54', '5');
INSERT INTO STORAGE (pallet_id, number_of_pallets, standard) VALUES ('74', '69', '1');
INSERT INTO STORAGE (pallet_id, number_of_pallets, standard) VALUES ('75', '5', '6');
INSERT INTO STORAGE (pallet_id, number_of_pallets, standard) VALUES ('76', '30', '12');
INSERT INTO STORAGE (pallet_id, number_of_pallets, standard) VALUES ('77', '1', '13');
INSERT INTO STORAGE (pallet_id, number_of_pallets, standard) VALUES ('78', '42', '4');
INSERT INTO STORAGE (pallet_id, number_of_pallets, standard) VALUES ('79', '4', '9');
INSERT INTO STORAGE (pallet_id, number_of_pallets, standard) VALUES ('80', '4', '9');
INSERT INTO STORAGE (pallet_id, number_of_pallets, standard) VALUES ('81', '3', '15');
INSERT INTO STORAGE (pallet_id, number_of_pallets, standard) VALUES ('82', '25', '12');
INSERT INTO STORAGE (pallet_id, number_of_pallets, standard) VALUES ('83', '59', '10');
INSERT INTO STORAGE (pallet_id, number_of_pallets, standard) VALUES ('84', '59', '12');
INSERT INTO STORAGE (pallet_id, number_of_pallets, standard) VALUES ('85', '50', '3');
INSERT INTO STORAGE (pallet_id, number_of_pallets, standard) VALUES ('86', '55', '4');
INSERT INTO STORAGE (pallet_id, number_of_pallets, standard) VALUES ('87', '14', '13');
INSERT INTO STORAGE (pallet_id, number_of_pallets, standard) VALUES ('88', '16', '15');
INSERT INTO STORAGE (pallet_id, number_of_pallets, standard) VALUES ('89', '51', '4');
INSERT INTO STORAGE (pallet_id, number_of_pallets, standard) VALUES ('90', '56', '11');
INSERT INTO STORAGE (pallet_id, number_of_pallets, standard) VALUES ('91', '46', '13');
INSERT INTO STORAGE (pallet_id, number_of_pallets, standard) VALUES ('92', '54', '8');
INSERT INTO STORAGE (pallet_id, number_of_pallets, standard) VALUES ('93', '2', '5');
INSERT INTO STORAGE (pallet_id, number_of_pallets, standard) VALUES ('94', '62', '4');
INSERT INTO STORAGE (pallet_id, number_of_pallets, standard) VALUES ('95', '23', '8');
INSERT INTO STORAGE (pallet_id, number_of_pallets, standard) VALUES ('96', '52', '6');
INSERT INTO STORAGE (pallet_id, number_of_pallets, standard) VALUES ('97', '15', '5');
INSERT INTO STORAGE (pallet_id, number_of_pallets, standard) VALUES ('98', '43', '12');
INSERT INTO STORAGE (pallet_id, number_of_pallets, standard) VALUES ('99', '46', '3');
INSERT INTO STORAGE (pallet_id, number_of_pallets, standard) VALUES ('100', '56', '2');



INSERT INTO ORDERS (id, order_date, number_of_pallets, pallet_id, order_status) VALUES ('5', TO_DATE('2023/07/28', 'YYYY/MM/DD'), '21', '16', 'Ready');
INSERT INTO ORDERS (id, order_date, number_of_pallets, pallet_id, order_status) VALUES ('7', TO_DATE('2023/09/01', 'YYYY/MM/DD'), '33', '20', 'Ready');
INSERT INTO ORDERS (id, order_date, number_of_pallets, pallet_id, order_status) VALUES ('11', TO_DATE('2024/11/06', 'YYYY/MM/DD'), '15', '21', 'In progress');
INSERT INTO ORDERS (id, order_date, number_of_pallets, pallet_id, order_status) VALUES ('17', TO_DATE('2023/10/20', 'YYYY/MM/DD'), '22', '71', 'Rejected');
INSERT INTO ORDERS (id, order_date, number_of_pallets, pallet_id, order_status) VALUES ('14', TO_DATE('2023/10/10', 'YYYY/MM/DD'), '38', '93', 'Waiting');
INSERT INTO ORDERS (id, order_date, number_of_pallets, pallet_id, order_status) VALUES ('1', TO_DATE('2024/03/26', 'YYYY/MM/DD'), '33', '98', 'Rejected');
INSERT INTO ORDERS (id, order_date, number_of_pallets, pallet_id, order_status) VALUES ('13', TO_DATE('2024/09/23', 'YYYY/MM/DD'), '14', '33', 'In progress');
INSERT INTO ORDERS (id, order_date, number_of_pallets, pallet_id, order_status) VALUES ('21', TO_DATE('2023/06/20', 'YYYY/MM/DD'), '6', '72', 'In progress');
INSERT INTO ORDERS (id, order_date, number_of_pallets, pallet_id, order_status) VALUES ('5', TO_DATE('2023/08/05', 'YYYY/MM/DD'), '32', '83', 'Rejected');
INSERT INTO ORDERS (id, order_date, number_of_pallets, pallet_id, order_status) VALUES ('14', TO_DATE('2023/04/11', 'YYYY/MM/DD'), '27', '25', 'In progress');
INSERT INTO ORDERS (id, order_date, number_of_pallets, pallet_id, order_status) VALUES ('13', TO_DATE('2024/01/22', 'YYYY/MM/DD'), '31', '100', 'In progress');
INSERT INTO ORDERS (id, order_date, number_of_pallets, pallet_id, order_status) VALUES ('19', TO_DATE('2024/09/07', 'YYYY/MM/DD'), '18', '43', 'In progress');
INSERT INTO ORDERS (id, order_date, number_of_pallets, pallet_id, order_status) VALUES ('17', TO_DATE('2023/02/25', 'YYYY/MM/DD'), '5', '38', 'Waiting');
INSERT INTO ORDERS (id, order_date, number_of_pallets, pallet_id, order_status) VALUES ('12', TO_DATE('2023/02/22', 'YYYY/MM/DD'), '6', '27', 'Rejected');
INSERT INTO ORDERS (id, order_date, number_of_pallets, pallet_id, order_status) VALUES ('7', TO_DATE('2023/07/18', 'YYYY/MM/DD'), '8', '21', 'Ready');
INSERT INTO ORDERS (id, order_date, number_of_pallets, pallet_id, order_status) VALUES ('6', TO_DATE('2023/08/13', 'YYYY/MM/DD'), '25', '97', 'In progress');
INSERT INTO ORDERS (id, order_date, number_of_pallets, pallet_id, order_status) VALUES ('20', TO_DATE('2023/03/06', 'YYYY/MM/DD'), '31', '7', 'Rejected');
INSERT INTO ORDERS (id, order_date, number_of_pallets, pallet_id, order_status) VALUES ('15', TO_DATE('2023/05/03', 'YYYY/MM/DD'), '8', '37', 'In progress');
INSERT INTO ORDERS (id, order_date, number_of_pallets, pallet_id, order_status) VALUES ('15', TO_DATE('2023/05/09', 'YYYY/MM/DD'), '17', '69', 'In progress');
INSERT INTO ORDERS (id, order_date, number_of_pallets, pallet_id, order_status) VALUES ('7', TO_DATE('2023/06/25', 'YYYY/MM/DD'), '38', '12', 'Waiting');
INSERT INTO ORDERS (id, order_date, number_of_pallets, pallet_id, order_status) VALUES ('13', TO_DATE('2023/05/25', 'YYYY/MM/DD'), '39', '55', 'Waiting');
INSERT INTO ORDERS (id, order_date, number_of_pallets, pallet_id, order_status) VALUES ('8', TO_DATE('2023/10/07', 'YYYY/MM/DD'), '5', '39', 'In progress');
INSERT INTO ORDERS (id, order_date, number_of_pallets, pallet_id, order_status) VALUES ('12', TO_DATE('2023/06/20', 'YYYY/MM/DD'), '26', '37', 'Waiting');
INSERT INTO ORDERS (id, order_date, number_of_pallets, pallet_id, order_status) VALUES ('15', TO_DATE('2024/11/03', 'YYYY/MM/DD'), '37', '45', 'In progress');
INSERT INTO ORDERS (id, order_date, number_of_pallets, pallet_id, order_status) VALUES ('21', TO_DATE('2023/11/15', 'YYYY/MM/DD'), '39', '39', 'Waiting');
INSERT INTO ORDERS (id, order_date, number_of_pallets, pallet_id, order_status) VALUES ('12', TO_DATE('2023/11/21', 'YYYY/MM/DD'), '28', '31', 'Rejected');
INSERT INTO ORDERS (id, order_date, number_of_pallets, pallet_id, order_status) VALUES ('6', TO_DATE('2023/03/21', 'YYYY/MM/DD'), '38', '54', 'Ready');
INSERT INTO ORDERS (id, order_date, number_of_pallets, pallet_id, order_status) VALUES ('13', TO_DATE('2024/02/11', 'YYYY/MM/DD'), '36', '9', 'Rejected');
INSERT INTO ORDERS (id, order_date, number_of_pallets, pallet_id, order_status) VALUES ('14', TO_DATE('2024/02/29', 'YYYY/MM/DD'), '26', '27', 'Ready');
INSERT INTO ORDERS (id, order_date, number_of_pallets, pallet_id, order_status) VALUES ('3', TO_DATE('2024/06/13', 'YYYY/MM/DD'), '29', '86', 'In progress');
INSERT INTO ORDERS (id, order_date, number_of_pallets, pallet_id, order_status) VALUES ('9', TO_DATE('2024/07/16', 'YYYY/MM/DD'), '24', '33', 'Rejected');
INSERT INTO ORDERS (id, order_date, number_of_pallets, pallet_id, order_status) VALUES ('10', TO_DATE('2023/03/30', 'YYYY/MM/DD'), '7', '18', 'Waiting');
INSERT INTO ORDERS (id, order_date, number_of_pallets, pallet_id, order_status) VALUES ('20', TO_DATE('2024/09/23', 'YYYY/MM/DD'), '11', '51', 'Ready');
INSERT INTO ORDERS (id, order_date, number_of_pallets, pallet_id, order_status) VALUES ('16', TO_DATE('2023/08/05', 'YYYY/MM/DD'), '13', '35', 'Rejected');
INSERT INTO ORDERS (id, order_date, number_of_pallets, pallet_id, order_status) VALUES ('11', TO_DATE('2023/04/30', 'YYYY/MM/DD'), '10', '50', 'Ready');
INSERT INTO ORDERS (id, order_date, number_of_pallets, pallet_id, order_status) VALUES ('10', TO_DATE('2023/10/04', 'YYYY/MM/DD'), '18', '64', 'Rejected');
INSERT INTO ORDERS (id, order_date, number_of_pallets, pallet_id, order_status) VALUES ('3', TO_DATE('2023/10/17', 'YYYY/MM/DD'), '23', '65', 'In progress');
INSERT INTO ORDERS (id, order_date, number_of_pallets, pallet_id, order_status) VALUES ('4', TO_DATE('2023/07/11', 'YYYY/MM/DD'), '40', '99', 'Waiting');
INSERT INTO ORDERS (id, order_date, number_of_pallets, pallet_id, order_status) VALUES ('7', TO_DATE('2024/04/17', 'YYYY/MM/DD'), '9', '50', 'Waiting');
INSERT INTO ORDERS (id, order_date, number_of_pallets, pallet_id, order_status) VALUES ('14', TO_DATE('2024/03/23', 'YYYY/MM/DD'), '40', '11', 'Waiting');
INSERT INTO ORDERS (id, order_date, number_of_pallets, pallet_id, order_status) VALUES ('5', TO_DATE('2023/12/31', 'YYYY/MM/DD'), '8', '66', 'Waiting');
INSERT INTO ORDERS (id, order_date, number_of_pallets, pallet_id, order_status) VALUES ('5', TO_DATE('2023/09/26', 'YYYY/MM/DD'), '39', '42', 'In progress');
INSERT INTO ORDERS (id, order_date, number_of_pallets, pallet_id, order_status) VALUES ('6', TO_DATE('2023/11/23', 'YYYY/MM/DD'), '27', '23', 'Ready');
INSERT INTO ORDERS (id, order_date, number_of_pallets, pallet_id, order_status) VALUES ('2', TO_DATE('2023/02/26', 'YYYY/MM/DD'), '38', '62', 'Rejected');
INSERT INTO ORDERS (id, order_date, number_of_pallets, pallet_id, order_status) VALUES ('16', TO_DATE('2024/03/27', 'YYYY/MM/DD'), '10', '46', 'Rejected');
INSERT INTO ORDERS (id, order_date, number_of_pallets, pallet_id, order_status) VALUES ('8', TO_DATE('2023/08/25', 'YYYY/MM/DD'), '32', '22', 'In progress');
INSERT INTO ORDERS (id, order_date, number_of_pallets, pallet_id, order_status) VALUES ('10', TO_DATE('2023/06/26', 'YYYY/MM/DD'), '1', '36', 'Rejected');
INSERT INTO ORDERS (id, order_date, number_of_pallets, pallet_id, order_status) VALUES ('21', TO_DATE('2024/09/12', 'YYYY/MM/DD'), '28', '54', 'Ready');
INSERT INTO ORDERS (id, order_date, number_of_pallets, pallet_id, order_status) VALUES ('3', TO_DATE('2024/08/08', 'YYYY/MM/DD'), '20', '14', 'In progress');
INSERT INTO ORDERS (id, order_date, number_of_pallets, pallet_id, order_status) VALUES ('8', TO_DATE('2023/08/26', 'YYYY/MM/DD'), '26', '8', 'Rejected');
INSERT INTO ORDERS (id, order_date, number_of_pallets, pallet_id, order_status) VALUES ('21', TO_DATE('2023/11/02', 'YYYY/MM/DD'), '19', '89', 'Ready');
INSERT INTO ORDERS (id, order_date, number_of_pallets, pallet_id, order_status) VALUES ('2', TO_DATE('2023/02/26', 'YYYY/MM/DD'), '1', '31', 'Rejected');
INSERT INTO ORDERS (id, order_date, number_of_pallets, pallet_id, order_status) VALUES ('2', TO_DATE('2024/03/09', 'YYYY/MM/DD'), '29', '27', 'Ready');
INSERT INTO ORDERS (id, order_date, number_of_pallets, pallet_id, order_status) VALUES ('2', TO_DATE('2024/01/26', 'YYYY/MM/DD'), '31', '59', 'Ready');
INSERT INTO ORDERS (id, order_date, number_of_pallets, pallet_id, order_status) VALUES ('16', TO_DATE('2024/09/12', 'YYYY/MM/DD'), '1', '60', 'Waiting');
INSERT INTO ORDERS (id, order_date, number_of_pallets, pallet_id, order_status) VALUES ('4', TO_DATE('2024/12/14', 'YYYY/MM/DD'), '35', '4', 'Ready');
INSERT INTO ORDERS (id, order_date, number_of_pallets, pallet_id, order_status) VALUES ('11', TO_DATE('2024/02/20', 'YYYY/MM/DD'), '8', '12', 'Rejected');
INSERT INTO ORDERS (id, order_date, number_of_pallets, pallet_id, order_status) VALUES ('13', TO_DATE('2024/12/30', 'YYYY/MM/DD'), '30', '65', 'Waiting');
INSERT INTO ORDERS (id, order_date, number_of_pallets, pallet_id, order_status) VALUES ('4', TO_DATE('2023/10/04', 'YYYY/MM/DD'), '25', '61', 'Waiting');
INSERT INTO ORDERS (id, order_date, number_of_pallets, pallet_id, order_status) VALUES ('9', TO_DATE('2023/09/23', 'YYYY/MM/DD'), '9', '8', 'In progress');
INSERT INTO ORDERS (id, order_date, number_of_pallets, pallet_id, order_status) VALUES ('12', TO_DATE('2024/01/22', 'YYYY/MM/DD'), '18', '31', 'Rejected');
INSERT INTO ORDERS (id, order_date, number_of_pallets, pallet_id, order_status) VALUES ('3', TO_DATE('2024/05/30', 'YYYY/MM/DD'), '28', '46', 'Ready');
INSERT INTO ORDERS (id, order_date, number_of_pallets, pallet_id, order_status) VALUES ('19', TO_DATE('2023/05/26', 'YYYY/MM/DD'), '5', '56', 'Ready');
INSERT INTO ORDERS (id, order_date, number_of_pallets, pallet_id, order_status) VALUES ('1', TO_DATE('2024/04/30', 'YYYY/MM/DD'), '16', '38', 'Rejected');
INSERT INTO ORDERS (id, order_date, number_of_pallets, pallet_id, order_status) VALUES ('16', TO_DATE('2023/02/05', 'YYYY/MM/DD'), '5', '28', 'Rejected');
INSERT INTO ORDERS (id, order_date, number_of_pallets, pallet_id, order_status) VALUES ('17', TO_DATE('2024/05/22', 'YYYY/MM/DD'), '37', '68', 'Ready');
INSERT INTO ORDERS (id, order_date, number_of_pallets, pallet_id, order_status) VALUES ('5', TO_DATE('2023/12/11', 'YYYY/MM/DD'), '27', '80', 'Rejected');
INSERT INTO ORDERS (id, order_date, number_of_pallets, pallet_id, order_status) VALUES ('3', TO_DATE('2023/07/20', 'YYYY/MM/DD'), '9', '89', 'Ready');
INSERT INTO ORDERS (id, order_date, number_of_pallets, pallet_id, order_status) VALUES ('11', TO_DATE('2023/01/10', 'YYYY/MM/DD'), '14', '21', 'Waiting');
INSERT INTO ORDERS (id, order_date, number_of_pallets, pallet_id, order_status) VALUES ('16', TO_DATE('2023/06/28', 'YYYY/MM/DD'), '34', '31', 'Ready');
INSERT INTO ORDERS (id, order_date, number_of_pallets, pallet_id, order_status) VALUES ('7', TO_DATE('2023/02/25', 'YYYY/MM/DD'), '31', '51', 'Rejected');
INSERT INTO ORDERS (id, order_date, number_of_pallets, pallet_id, order_status) VALUES ('13', TO_DATE('2023/09/30', 'YYYY/MM/DD'), '8', '55', 'Ready');
INSERT INTO ORDERS (id, order_date, number_of_pallets, pallet_id, order_status) VALUES ('5', TO_DATE('2024/06/09', 'YYYY/MM/DD'), '12', '66', 'Ready');
INSERT INTO ORDERS (id, order_date, number_of_pallets, pallet_id, order_status) VALUES ('5', TO_DATE('2024/01/19', 'YYYY/MM/DD'), '37', '26', 'In progress');
INSERT INTO ORDERS (id, order_date, number_of_pallets, pallet_id, order_status) VALUES ('13', TO_DATE('2024/03/08', 'YYYY/MM/DD'), '32', '97', 'Waiting');
INSERT INTO ORDERS (id, order_date, number_of_pallets, pallet_id, order_status) VALUES ('20', TO_DATE('2023/08/15', 'YYYY/MM/DD'), '11', '91', 'Rejected');
INSERT INTO ORDERS (id, order_date, number_of_pallets, pallet_id, order_status) VALUES ('1', TO_DATE('2023/01/24', 'YYYY/MM/DD'), '19', '15', 'Rejected');
INSERT INTO ORDERS (id, order_date, number_of_pallets, pallet_id, order_status) VALUES ('4', TO_DATE('2023/03/05', 'YYYY/MM/DD'), '22', '66', 'Ready');
INSERT INTO ORDERS (id, order_date, number_of_pallets, pallet_id, order_status) VALUES ('8', TO_DATE('2024/04/26', 'YYYY/MM/DD'), '27', '96', 'Waiting');
INSERT INTO ORDERS (id, order_date, number_of_pallets, pallet_id, order_status) VALUES ('13', TO_DATE('2024/09/12', 'YYYY/MM/DD'), '23', '42', 'In progress');
INSERT INTO ORDERS (id, order_date, number_of_pallets, pallet_id, order_status) VALUES ('10', TO_DATE('2023/06/27', 'YYYY/MM/DD'), '8', '75', 'Ready');
INSERT INTO ORDERS (id, order_date, number_of_pallets, pallet_id, order_status) VALUES ('13', TO_DATE('2023/07/12', 'YYYY/MM/DD'), '29', '4', 'Ready');
INSERT INTO ORDERS (id, order_date, number_of_pallets, pallet_id, order_status) VALUES ('1', TO_DATE('2023/01/18', 'YYYY/MM/DD'), '37', '10', 'Rejected');
INSERT INTO ORDERS (id, order_date, number_of_pallets, pallet_id, order_status) VALUES ('4', TO_DATE('2023/06/01', 'YYYY/MM/DD'), '38', '27', 'In progress');
INSERT INTO ORDERS (id, order_date, number_of_pallets, pallet_id, order_status) VALUES ('12', TO_DATE('2024/07/16', 'YYYY/MM/DD'), '14', '1', 'Ready');
INSERT INTO ORDERS (id, order_date, number_of_pallets, pallet_id, order_status) VALUES ('6', TO_DATE('2023/03/06', 'YYYY/MM/DD'), '12', '49', 'Ready');
INSERT INTO ORDERS (id, order_date, number_of_pallets, pallet_id, order_status) VALUES ('20', TO_DATE('2024/02/27', 'YYYY/MM/DD'), '9', '34', 'In progress');
INSERT INTO ORDERS (id, order_date, number_of_pallets, pallet_id, order_status) VALUES ('13', TO_DATE('2024/05/13', 'YYYY/MM/DD'), '4', '98', 'Rejected');
INSERT INTO ORDERS (id, order_date, number_of_pallets, pallet_id, order_status) VALUES ('20', TO_DATE('2023/08/22', 'YYYY/MM/DD'), '40', '9', 'Waiting');
INSERT INTO ORDERS (id, order_date, number_of_pallets, pallet_id, order_status) VALUES ('10', TO_DATE('2024/12/18', 'YYYY/MM/DD'), '37', '31', 'Rejected');
INSERT INTO ORDERS (id, order_date, number_of_pallets, pallet_id, order_status) VALUES ('21', TO_DATE('2024/12/05', 'YYYY/MM/DD'), '34', '22', 'Waiting');
INSERT INTO ORDERS (id, order_date, number_of_pallets, pallet_id, order_status) VALUES ('12', TO_DATE('2024/04/19', 'YYYY/MM/DD'), '33', '22', 'Ready');
INSERT INTO ORDERS (id, order_date, number_of_pallets, pallet_id, order_status) VALUES ('14', TO_DATE('2024/06/20', 'YYYY/MM/DD'), '25', '23', 'Rejected');
INSERT INTO ORDERS (id, order_date, number_of_pallets, pallet_id, order_status) VALUES ('3', TO_DATE('2023/03/14', 'YYYY/MM/DD'), '32', '39', 'Ready');
INSERT INTO ORDERS (id, order_date, number_of_pallets, pallet_id, order_status) VALUES ('9', TO_DATE('2023/01/17', 'YYYY/MM/DD'), '4', '92', 'Rejected');
INSERT INTO ORDERS (id, order_date, number_of_pallets, pallet_id, order_status) VALUES ('2', TO_DATE('2024/07/27', 'YYYY/MM/DD'), '30', '70', 'Waiting');
INSERT INTO ORDERS (id, order_date, number_of_pallets, pallet_id, order_status) VALUES ('15', TO_DATE('2024/07/24', 'YYYY/MM/DD'), '23', '89', 'Rejected');
INSERT INTO ORDERS (id, order_date, number_of_pallets, pallet_id, order_status) VALUES ('6', TO_DATE('2024/03/05', 'YYYY/MM/DD'), '36', '52', 'Rejected');
INSERT INTO ORDERS (id, order_date, number_of_pallets, pallet_id, order_status) VALUES ('3', TO_DATE('2023/03/13', 'YYYY/MM/DD'), '22', '100', 'Ready');
INSERT INTO ORDERS (id, order_date, number_of_pallets, pallet_id, order_status) VALUES ('6', TO_DATE('2023/04/17', 'YYYY/MM/DD'), '6', '18', 'Ready');

INSERT INTO WORKING_DAY (work_date, shift_nr, workers, made_pallets, pallet_id) VALUES (TO_DATE('2024/07/01', 'YYYY/MM/DD'), '1', '11', '15', '77');
INSERT INTO WORKING_DAY (work_date, shift_nr, workers, made_pallets, pallet_id) VALUES (TO_DATE('2024/07/01', 'YYYY/MM/DD'), '2', '6', '12', '21');
INSERT INTO WORKING_DAY (work_date, shift_nr, workers, made_pallets, pallet_id) VALUES (TO_DATE('2024/07/01', 'YYYY/MM/DD'), '3', '14', '15', '84');
INSERT INTO WORKING_DAY (work_date, shift_nr, workers, made_pallets, pallet_id) VALUES (TO_DATE('2024/07/02', 'YYYY/MM/DD'), '1', '9', '7', '31');
INSERT INTO WORKING_DAY (work_date, shift_nr, workers, made_pallets, pallet_id) VALUES (TO_DATE('2024/07/02', 'YYYY/MM/DD'), '2', '13', '4', '59');
INSERT INTO WORKING_DAY (work_date, shift_nr, workers, made_pallets, pallet_id) VALUES (TO_DATE('2024/07/02', 'YYYY/MM/DD'), '3', '15', '10', '50');
INSERT INTO WORKING_DAY (work_date, shift_nr, workers, made_pallets, pallet_id) VALUES (TO_DATE('2024/07/03', 'YYYY/MM/DD'), '1', '14', '6', '26');
INSERT INTO WORKING_DAY (work_date, shift_nr, workers, made_pallets, pallet_id) VALUES (TO_DATE('2024/07/03', 'YYYY/MM/DD'), '2', '13', '13', '33');
INSERT INTO WORKING_DAY (work_date, shift_nr, workers, made_pallets, pallet_id) VALUES (TO_DATE('2024/07/03', 'YYYY/MM/DD'), '3', '10', '8', '2');
INSERT INTO WORKING_DAY (work_date, shift_nr, workers, made_pallets, pallet_id) VALUES (TO_DATE('2024/07/04', 'YYYY/MM/DD'), '1', '6', '8', '64');
INSERT INTO WORKING_DAY (work_date, shift_nr, workers, made_pallets, pallet_id) VALUES (TO_DATE('2024/07/04', 'YYYY/MM/DD'), '2', '7', '2', '13');
INSERT INTO WORKING_DAY (work_date, shift_nr, workers, made_pallets, pallet_id) VALUES (TO_DATE('2024/07/04', 'YYYY/MM/DD'), '3', '7', '8', '33');
INSERT INTO WORKING_DAY (work_date, shift_nr, workers, made_pallets, pallet_id) VALUES (TO_DATE('2024/07/05', 'YYYY/MM/DD'), '1', '13', '13', '25');
INSERT INTO WORKING_DAY (work_date, shift_nr, workers, made_pallets, pallet_id) VALUES (TO_DATE('2024/07/05', 'YYYY/MM/DD'), '2', '14', '15', '99');
INSERT INTO WORKING_DAY (work_date, shift_nr, workers, made_pallets, pallet_id) VALUES (TO_DATE('2024/07/05', 'YYYY/MM/DD'), '3', '8', '12', '58');
INSERT INTO WORKING_DAY (work_date, shift_nr, workers, made_pallets, pallet_id) VALUES (TO_DATE('2024/07/05', 'YYYY/MM/DD'), '1', '14', '10', '98');
INSERT INTO WORKING_DAY (work_date, shift_nr, workers, made_pallets, pallet_id) VALUES (TO_DATE('2024/07/06', 'YYYY/MM/DD'), '2', '6', '15', '4');
INSERT INTO WORKING_DAY (work_date, shift_nr, workers, made_pallets, pallet_id) VALUES (TO_DATE('2024/07/06', 'YYYY/MM/DD'), '3', '10', '5', '56');
INSERT INTO WORKING_DAY (work_date, shift_nr, workers, made_pallets, pallet_id) VALUES (TO_DATE('2024/07/06', 'YYYY/MM/DD'), '1', '10', '15', '34');
INSERT INTO WORKING_DAY (work_date, shift_nr, workers, made_pallets, pallet_id) VALUES (TO_DATE('2024/07/07', 'YYYY/MM/DD'), '2', '13', '11', '21');
INSERT INTO WORKING_DAY (work_date, shift_nr, workers, made_pallets, pallet_id) VALUES (TO_DATE('2024/07/07', 'YYYY/MM/DD'), '3', '14', '16', '34');
INSERT INTO WORKING_DAY (work_date, shift_nr, workers, made_pallets, pallet_id) VALUES (TO_DATE('2024/07/07', 'YYYY/MM/DD'), '1', '9', '7', '98');
INSERT INTO WORKING_DAY (work_date, shift_nr, workers, made_pallets, pallet_id) VALUES (TO_DATE('2024/07/08', 'YYYY/MM/DD'), '2', '15', '11', '13');
INSERT INTO WORKING_DAY (work_date, shift_nr, workers, made_pallets, pallet_id) VALUES (TO_DATE('2024/07/08', 'YYYY/MM/DD'), '3', '6', '15', '28');
INSERT INTO WORKING_DAY (work_date, shift_nr, workers, made_pallets, pallet_id) VALUES (TO_DATE('2024/07/08', 'YYYY/MM/DD'), '1', '6', '14', '39');
INSERT INTO WORKING_DAY (work_date, shift_nr, workers, made_pallets, pallet_id) VALUES (TO_DATE('2024/07/09', 'YYYY/MM/DD'), '2', '7', '9', '46');
INSERT INTO WORKING_DAY (work_date, shift_nr, workers, made_pallets, pallet_id) VALUES (TO_DATE('2024/07/09', 'YYYY/MM/DD'), '3', '11', '8', '13');
INSERT INTO WORKING_DAY (work_date, shift_nr, workers, made_pallets, pallet_id) VALUES (TO_DATE('2024/07/09', 'YYYY/MM/DD'), '1', '14', '11', '4');
INSERT INTO WORKING_DAY (work_date, shift_nr, workers, made_pallets, pallet_id) VALUES (TO_DATE('2024/07/09', 'YYYY/MM/DD'), '2', '13', '13', '16');
INSERT INTO WORKING_DAY (work_date, shift_nr, workers, made_pallets, pallet_id) VALUES (TO_DATE('2024/07/10', 'YYYY/MM/DD'), '3', '15', '12', '37');
INSERT INTO WORKING_DAY (work_date, shift_nr, workers, made_pallets, pallet_id) VALUES (TO_DATE('2024/07/10', 'YYYY/MM/DD'), '1', '13', '3', '61');
INSERT INTO WORKING_DAY (work_date, shift_nr, workers, made_pallets, pallet_id) VALUES (TO_DATE('2024/07/10', 'YYYY/MM/DD'), '2', '8', '16', '80');
INSERT INTO WORKING_DAY (work_date, shift_nr, workers, made_pallets, pallet_id) VALUES (TO_DATE('2024/07/11', 'YYYY/MM/DD'), '3', '6', '4', '47');
INSERT INTO WORKING_DAY (work_date, shift_nr, workers, made_pallets, pallet_id) VALUES (TO_DATE('2024/07/11', 'YYYY/MM/DD'), '1', '14', '5', '78');
INSERT INTO WORKING_DAY (work_date, shift_nr, workers, made_pallets, pallet_id) VALUES (TO_DATE('2024/07/11', 'YYYY/MM/DD'), '2', '12', '12', '48');
INSERT INTO WORKING_DAY (work_date, shift_nr, workers, made_pallets, pallet_id) VALUES (TO_DATE('2024/07/12', 'YYYY/MM/DD'), '3', '6', '12', '45');
INSERT INTO WORKING_DAY (work_date, shift_nr, workers, made_pallets, pallet_id) VALUES (TO_DATE('2024/07/12', 'YYYY/MM/DD'), '1', '12', '7', '25');
INSERT INTO WORKING_DAY (work_date, shift_nr, workers, made_pallets, pallet_id) VALUES (TO_DATE('2024/07/12', 'YYYY/MM/DD'), '2', '13', '6', '28');
INSERT INTO WORKING_DAY (work_date, shift_nr, workers, made_pallets, pallet_id) VALUES (TO_DATE('2024/07/13', 'YYYY/MM/DD'), '3', '13', '16', '42');
INSERT INTO WORKING_DAY (work_date, shift_nr, workers, made_pallets, pallet_id) VALUES (TO_DATE('2024/07/13', 'YYYY/MM/DD'), '1', '10', '9', '92');
INSERT INTO WORKING_DAY (work_date, shift_nr, workers, made_pallets, pallet_id) VALUES (TO_DATE('2024/07/13', 'YYYY/MM/DD'), '2', '12', '15', '27');
INSERT INTO WORKING_DAY (work_date, shift_nr, workers, made_pallets, pallet_id) VALUES (TO_DATE('2024/07/13', 'YYYY/MM/DD'), '3', '7', '6', '97');
INSERT INTO WORKING_DAY (work_date, shift_nr, workers, made_pallets, pallet_id) VALUES (TO_DATE('2024/07/14', 'YYYY/MM/DD'), '1', '6', '9', '93');
INSERT INTO WORKING_DAY (work_date, shift_nr, workers, made_pallets, pallet_id) VALUES (TO_DATE('2024/07/14', 'YYYY/MM/DD'), '2', '7', '10', '23');
INSERT INTO WORKING_DAY (work_date, shift_nr, workers, made_pallets, pallet_id) VALUES (TO_DATE('2024/07/14', 'YYYY/MM/DD'), '3', '7', '13', '54');
INSERT INTO WORKING_DAY (work_date, shift_nr, workers, made_pallets, pallet_id) VALUES (TO_DATE('2024/07/15', 'YYYY/MM/DD'), '1', '7', '3', '11');
INSERT INTO WORKING_DAY (work_date, shift_nr, workers, made_pallets, pallet_id) VALUES (TO_DATE('2024/07/15', 'YYYY/MM/DD'), '2', '14', '14', '92');
INSERT INTO WORKING_DAY (work_date, shift_nr, workers, made_pallets, pallet_id) VALUES (TO_DATE('2024/07/15', 'YYYY/MM/DD'), '3', '8', '8', '62');
INSERT INTO WORKING_DAY (work_date, shift_nr, workers, made_pallets, pallet_id) VALUES (TO_DATE('2024/07/16', 'YYYY/MM/DD'), '1', '12', '10', '39');
INSERT INTO WORKING_DAY (work_date, shift_nr, workers, made_pallets, pallet_id) VALUES (TO_DATE('2024/07/16', 'YYYY/MM/DD'), '2', '14', '11', '10');


INSERT INTO PRODUCTS (category, type, weight, price) VALUES ('Pasta', 'Spaghetti', '500', '5,50');
INSERT INTO PRODUCTS (category, type, weight, price) VALUES ('Pasta', 'Feathers', '200', '4,90');
INSERT INTO PRODUCTS (category, type, weight, price) VALUES ('Pasta', 'Balls', '250', '5,30');
INSERT INTO PRODUCTS (category, type, weight, price) VALUES ('Pasta', 'Shells', '400', '5,00');
INSERT INTO PRODUCTS (category, type, weight, price) VALUES ('Pasta', 'Ribbons', '200', '5,20');
INSERT INTO PRODUCTS (category, type, weight, price) VALUES ('Pasta', 'Swirls', '200', '5,10');
INSERT INTO PRODUCTS (category, type, weight, price) VALUES ('Pasta', 'Tagliatelle', '1000', '6,00');
INSERT INTO PRODUCTS (category, type, weight, price) VALUES ('Pasta', 'Fusilli', '400', '5,40');
INSERT INTO PRODUCTS (category, type, weight, price) VALUES ('Breakfast cereals', 'Balls', '250', '7,50');
INSERT INTO PRODUCTS (category, type, weight, price) VALUES ('Breakfast cereals', 'Shells', '500', '6,90');
INSERT INTO PRODUCTS (category, type, weight, price) VALUES ('Breakfast cereals', 'Cornflakes', '1000', '6,50');
INSERT INTO PRODUCTS (category, type, weight, price) VALUES ('Breakfast cereals', 'Granola', '500', '8,20');
INSERT INTO PRODUCTS (category, type, weight, price) VALUES ('Breakfast cereals', 'Honey rings', '250', '7,80');
INSERT INTO PRODUCTS (category, type, weight, price) VALUES ('Breakfast cereals', 'Oatmeal', '250', '5,60');
INSERT INTO PRODUCTS (category, type, weight, price) VALUES ('Breakfast cereals', 'Chocolate', '250', '7,10');
INSERT INTO PRODUCTS (category, type, weight, price) VALUES ('Breakfast cereals', 'With dried fruit', '500', '8,00');
INSERT INTO PRODUCTS (category, type, weight, price) VALUES ('Sauce', 'Tomato', '500', '5,50');
INSERT INTO PRODUCTS (category, type, weight, price) VALUES ('Sauce', 'Bolognese', '500', '6,50');
INSERT INTO PRODUCTS (category, type, weight, price) VALUES ('Sauce', 'Carbonara', '250', '7,00');
INSERT INTO PRODUCTS (category, type, weight, price) VALUES ('Sauce', 'Garlic', '250', '4,50');
INSERT INTO PRODUCTS (category, type, weight, price) VALUES ('Sauce', 'Cheese', '500', '6,30');
INSERT INTO PRODUCTS (category, type, weight, price) VALUES ('Sauce', 'Pesto', '500', '7,50');
INSERT INTO PRODUCTS (category, type, weight, price) VALUES ('Sauce', 'Sweet and sour', '200', '5,80');
INSERT INTO PRODUCTS (category, type, weight, price) VALUES ('Sauce', 'Arrabbiata', '500', '6,90');
INSERT INTO PRODUCTS (category, type, weight, price) VALUES ('Sticks', 'Salted', '400', '4,00');
INSERT INTO PRODUCTS (category, type, weight, price) VALUES ('Sticks', 'With poppy seeds', '400', '4,20');
INSERT INTO PRODUCTS (category, type, weight, price) VALUES ('Sticks', 'With sesame seeds', '1000', '4,30');
INSERT INTO PRODUCTS (category, type, weight, price) VALUES ('Sticks', 'With cheese', '500', '4,50');
INSERT INTO PRODUCTS (category, type, weight, price) VALUES ('Sticks', 'With cumin', '500', '4,40');
INSERT INTO PRODUCTS (category, type, weight, price) VALUES ('Sticks', 'Garlic', '200', '4,70');
INSERT INTO PRODUCTS (category, type, weight, price) VALUES ('Sticks', 'Paprika', '200', '4,60');
INSERT INTO PRODUCTS (category, type, weight, price) VALUES ('Sticks', 'Spicy', '200', '4,80');


INSERT INTO COMPOSITION (pallet_id, product_id, number_of_products) VALUES ('1', '29', '7');
INSERT INTO COMPOSITION (pallet_id, product_id, number_of_products) VALUES ('1', '2', '5');
INSERT INTO COMPOSITION (pallet_id, product_id, number_of_products) VALUES ('1', '11', '8');
INSERT INTO COMPOSITION (pallet_id, product_id, number_of_products) VALUES ('2', '8', '2');
INSERT INTO COMPOSITION (pallet_id, product_id, number_of_products) VALUES ('3', '18', '2');
INSERT INTO COMPOSITION (pallet_id, product_id, number_of_products) VALUES ('3', '12', '8');
INSERT INTO COMPOSITION (pallet_id, product_id, number_of_products) VALUES ('3', '13', '6');
INSERT INTO COMPOSITION (pallet_id, product_id, number_of_products) VALUES ('3', '7', '2');
INSERT INTO COMPOSITION (pallet_id, product_id, number_of_products) VALUES ('4', '9', '1');
INSERT INTO COMPOSITION (pallet_id, product_id, number_of_products) VALUES ('5', '29', '8');
INSERT INTO COMPOSITION (pallet_id, product_id, number_of_products) VALUES ('5', '2', '9');
INSERT INTO COMPOSITION (pallet_id, product_id, number_of_products) VALUES ('5', '30', '3');
INSERT INTO COMPOSITION (pallet_id, product_id, number_of_products) VALUES ('5', '23', '7');
INSERT INTO COMPOSITION (pallet_id, product_id, number_of_products) VALUES ('5', '14', '10');
INSERT INTO COMPOSITION (pallet_id, product_id, number_of_products) VALUES ('6', '5', '6');
INSERT INTO COMPOSITION (pallet_id, product_id, number_of_products) VALUES ('6', '21', '5');
INSERT INTO COMPOSITION (pallet_id, product_id, number_of_products) VALUES ('6', '24', '1');
INSERT INTO COMPOSITION (pallet_id, product_id, number_of_products) VALUES ('6', '23', '6');
INSERT INTO COMPOSITION (pallet_id, product_id, number_of_products) VALUES ('6', '8', '10');
INSERT INTO COMPOSITION (pallet_id, product_id, number_of_products) VALUES ('7', '18', '10');
INSERT INTO COMPOSITION (pallet_id, product_id, number_of_products) VALUES ('7', '3', '2');
INSERT INTO COMPOSITION (pallet_id, product_id, number_of_products) VALUES ('7', '25', '9');
INSERT INTO COMPOSITION (pallet_id, product_id, number_of_products) VALUES ('7', '14', '4');
INSERT INTO COMPOSITION (pallet_id, product_id, number_of_products) VALUES ('7', '2', '3');
INSERT INTO COMPOSITION (pallet_id, product_id, number_of_products) VALUES ('8', '12', '1');
INSERT INTO COMPOSITION (pallet_id, product_id, number_of_products) VALUES ('8', '30', '8');
INSERT INTO COMPOSITION (pallet_id, product_id, number_of_products) VALUES ('9', '9', '7');
INSERT INTO COMPOSITION (pallet_id, product_id, number_of_products) VALUES ('9', '28', '10');
INSERT INTO COMPOSITION (pallet_id, product_id, number_of_products) VALUES ('9', '15', '4');
INSERT INTO COMPOSITION (pallet_id, product_id, number_of_products) VALUES ('9', '24', '5');
INSERT INTO COMPOSITION (pallet_id, product_id, number_of_products) VALUES ('10', '1', '7');
INSERT INTO COMPOSITION (pallet_id, product_id, number_of_products) VALUES ('10', '28', '2');
INSERT INTO COMPOSITION (pallet_id, product_id, number_of_products) VALUES ('10', '23', '3');
INSERT INTO COMPOSITION (pallet_id, product_id, number_of_products) VALUES ('11', '3', '3');
INSERT INTO COMPOSITION (pallet_id, product_id, number_of_products) VALUES ('11', '29', '2');
INSERT INTO COMPOSITION (pallet_id, product_id, number_of_products) VALUES ('12', '17', '9');
INSERT INTO COMPOSITION (pallet_id, product_id, number_of_products) VALUES ('13', '10', '3');
INSERT INTO COMPOSITION (pallet_id, product_id, number_of_products) VALUES ('13', '18', '9');
INSERT INTO COMPOSITION (pallet_id, product_id, number_of_products) VALUES ('14', '21', '1');
INSERT INTO COMPOSITION (pallet_id, product_id, number_of_products) VALUES ('14', '15', '10');
INSERT INTO COMPOSITION (pallet_id, product_id, number_of_products) VALUES ('15', '27', '5');
INSERT INTO COMPOSITION (pallet_id, product_id, number_of_products) VALUES ('15', '14', '7');
INSERT INTO COMPOSITION (pallet_id, product_id, number_of_products) VALUES ('15', '29', '1');
INSERT INTO COMPOSITION (pallet_id, product_id, number_of_products) VALUES ('15', '7', '6');
INSERT INTO COMPOSITION (pallet_id, product_id, number_of_products) VALUES ('16', '13', '3');
INSERT INTO COMPOSITION (pallet_id, product_id, number_of_products) VALUES ('17', '21', '3');
INSERT INTO COMPOSITION (pallet_id, product_id, number_of_products) VALUES ('17', '11', '1');
INSERT INTO COMPOSITION (pallet_id, product_id, number_of_products) VALUES ('17', '6', '1');
INSERT INTO COMPOSITION (pallet_id, product_id, number_of_products) VALUES ('18', '8', '5');
INSERT INTO COMPOSITION (pallet_id, product_id, number_of_products) VALUES ('18', '4', '10');
INSERT INTO COMPOSITION (pallet_id, product_id, number_of_products) VALUES ('19', '6', '6');
INSERT INTO COMPOSITION (pallet_id, product_id, number_of_products) VALUES ('20', '7', '1');
INSERT INTO COMPOSITION (pallet_id, product_id, number_of_products) VALUES ('20', '22', '9');
INSERT INTO COMPOSITION (pallet_id, product_id, number_of_products) VALUES ('20', '14', '5');
INSERT INTO COMPOSITION (pallet_id, product_id, number_of_products) VALUES ('21', '2', '10');
INSERT INTO COMPOSITION (pallet_id, product_id, number_of_products) VALUES ('21', '17', '10');
INSERT INTO COMPOSITION (pallet_id, product_id, number_of_products) VALUES ('21', '32', '6');
INSERT INTO COMPOSITION (pallet_id, product_id, number_of_products) VALUES ('21', '12', '1');
INSERT INTO COMPOSITION (pallet_id, product_id, number_of_products) VALUES ('21', '8', '3');
INSERT INTO COMPOSITION (pallet_id, product_id, number_of_products) VALUES ('22', '8', '8');
INSERT INTO COMPOSITION (pallet_id, product_id, number_of_products) VALUES ('22', '26', '1');
INSERT INTO COMPOSITION (pallet_id, product_id, number_of_products) VALUES ('22', '20', '5');
INSERT INTO COMPOSITION (pallet_id, product_id, number_of_products) VALUES ('22', '11', '8');
INSERT INTO COMPOSITION (pallet_id, product_id, number_of_products) VALUES ('23', '28', '1');
INSERT INTO COMPOSITION (pallet_id, product_id, number_of_products) VALUES ('24', '23', '9');
INSERT INTO COMPOSITION (pallet_id, product_id, number_of_products) VALUES ('24', '6', '9');
INSERT INTO COMPOSITION (pallet_id, product_id, number_of_products) VALUES ('24', '28', '10');
INSERT INTO COMPOSITION (pallet_id, product_id, number_of_products) VALUES ('24', '21', '9');
INSERT INTO COMPOSITION (pallet_id, product_id, number_of_products) VALUES ('25', '9', '6');
INSERT INTO COMPOSITION (pallet_id, product_id, number_of_products) VALUES ('25', '3', '1');
INSERT INTO COMPOSITION (pallet_id, product_id, number_of_products) VALUES ('26', '1', '6');
INSERT INTO COMPOSITION (pallet_id, product_id, number_of_products) VALUES ('27', '21', '2');
INSERT INTO COMPOSITION (pallet_id, product_id, number_of_products) VALUES ('27', '20', '4');
INSERT INTO COMPOSITION (pallet_id, product_id, number_of_products) VALUES ('27', '13', '1');
INSERT INTO COMPOSITION (pallet_id, product_id, number_of_products) VALUES ('27', '22', '5');
INSERT INTO COMPOSITION (pallet_id, product_id, number_of_products) VALUES ('27', '32', '4');
INSERT INTO COMPOSITION (pallet_id, product_id, number_of_products) VALUES ('28', '5', '2');
INSERT INTO COMPOSITION (pallet_id, product_id, number_of_products) VALUES ('29', '9', '7');
INSERT INTO COMPOSITION (pallet_id, product_id, number_of_products) VALUES ('29', '22', '1');
INSERT INTO COMPOSITION (pallet_id, product_id, number_of_products) VALUES ('29', '13', '2');
INSERT INTO COMPOSITION (pallet_id, product_id, number_of_products) VALUES ('29', '17', '9');
INSERT INTO COMPOSITION (pallet_id, product_id, number_of_products) VALUES ('29', '11', '3');
INSERT INTO COMPOSITION (pallet_id, product_id, number_of_products) VALUES ('30', '7', '3');
INSERT INTO COMPOSITION (pallet_id, product_id, number_of_products) VALUES ('30', '11', '7');
INSERT INTO COMPOSITION (pallet_id, product_id, number_of_products) VALUES ('30', '32', '9');
INSERT INTO COMPOSITION (pallet_id, product_id, number_of_products) VALUES ('30', '3', '7');
INSERT INTO COMPOSITION (pallet_id, product_id, number_of_products) VALUES ('31', '30', '6');
INSERT INTO COMPOSITION (pallet_id, product_id, number_of_products) VALUES ('31', '2', '6');
INSERT INTO COMPOSITION (pallet_id, product_id, number_of_products) VALUES ('32', '31', '7');
INSERT INTO COMPOSITION (pallet_id, product_id, number_of_products) VALUES ('32', '3', '7');
INSERT INTO COMPOSITION (pallet_id, product_id, number_of_products) VALUES ('32', '10', '6');
INSERT INTO COMPOSITION (pallet_id, product_id, number_of_products) VALUES ('32', '7', '8');
INSERT INTO COMPOSITION (pallet_id, product_id, number_of_products) VALUES ('33', '15', '2');
INSERT INTO COMPOSITION (pallet_id, product_id, number_of_products) VALUES ('33', '13', '2');
INSERT INTO COMPOSITION (pallet_id, product_id, number_of_products) VALUES ('34', '17', '3');
INSERT INTO COMPOSITION (pallet_id, product_id, number_of_products) VALUES ('34', '8', '3');
INSERT INTO COMPOSITION (pallet_id, product_id, number_of_products) VALUES ('34', '23', '3');
INSERT INTO COMPOSITION (pallet_id, product_id, number_of_products) VALUES ('34', '1', '6');
INSERT INTO COMPOSITION (pallet_id, product_id, number_of_products) VALUES ('34', '18', '5');
INSERT INTO COMPOSITION (pallet_id, product_id, number_of_products) VALUES ('35', '8', '10');
INSERT INTO COMPOSITION (pallet_id, product_id, number_of_products) VALUES ('35', '10', '2');
INSERT INTO COMPOSITION (pallet_id, product_id, number_of_products) VALUES ('35', '4', '1');
INSERT INTO COMPOSITION (pallet_id, product_id, number_of_products) VALUES ('36', '5', '8');
INSERT INTO COMPOSITION (pallet_id, product_id, number_of_products) VALUES ('36', '16', '5');
INSERT INTO COMPOSITION (pallet_id, product_id, number_of_products) VALUES ('36', '27', '8');
INSERT INTO COMPOSITION (pallet_id, product_id, number_of_products) VALUES ('36', '15', '3');
INSERT INTO COMPOSITION (pallet_id, product_id, number_of_products) VALUES ('37', '10', '5');
INSERT INTO COMPOSITION (pallet_id, product_id, number_of_products) VALUES ('37', '16', '3');
INSERT INTO COMPOSITION (pallet_id, product_id, number_of_products) VALUES ('37', '27', '9');
INSERT INTO COMPOSITION (pallet_id, product_id, number_of_products) VALUES ('37', '18', '5');
INSERT INTO COMPOSITION (pallet_id, product_id, number_of_products) VALUES ('37', '17', '5');
INSERT INTO COMPOSITION (pallet_id, product_id, number_of_products) VALUES ('38', '20', '6');
INSERT INTO COMPOSITION (pallet_id, product_id, number_of_products) VALUES ('38', '28', '3');
INSERT INTO COMPOSITION (pallet_id, product_id, number_of_products) VALUES ('38', '8', '2');
INSERT INTO COMPOSITION (pallet_id, product_id, number_of_products) VALUES ('39', '3', '6');
INSERT INTO COMPOSITION (pallet_id, product_id, number_of_products) VALUES ('40', '25', '6');
INSERT INTO COMPOSITION (pallet_id, product_id, number_of_products) VALUES ('40', '2', '10');
INSERT INTO COMPOSITION (pallet_id, product_id, number_of_products) VALUES ('41', '21', '4');
INSERT INTO COMPOSITION (pallet_id, product_id, number_of_products) VALUES ('41', '1', '6');
INSERT INTO COMPOSITION (pallet_id, product_id, number_of_products) VALUES ('41', '5', '9');
INSERT INTO COMPOSITION (pallet_id, product_id, number_of_products) VALUES ('41', '27', '8');
INSERT INTO COMPOSITION (pallet_id, product_id, number_of_products) VALUES ('42', '25', '1');
INSERT INTO COMPOSITION (pallet_id, product_id, number_of_products) VALUES ('42', '9', '4');
INSERT INTO COMPOSITION (pallet_id, product_id, number_of_products) VALUES ('42', '14', '2');
INSERT INTO COMPOSITION (pallet_id, product_id, number_of_products) VALUES ('43', '11', '9');
INSERT INTO COMPOSITION (pallet_id, product_id, number_of_products) VALUES ('44', '2', '8');
INSERT INTO COMPOSITION (pallet_id, product_id, number_of_products) VALUES ('45', '26', '5');
INSERT INTO COMPOSITION (pallet_id, product_id, number_of_products) VALUES ('46', '13', '9');
INSERT INTO COMPOSITION (pallet_id, product_id, number_of_products) VALUES ('46', '18', '8');
INSERT INTO COMPOSITION (pallet_id, product_id, number_of_products) VALUES ('46', '11', '6');
INSERT INTO COMPOSITION (pallet_id, product_id, number_of_products) VALUES ('47', '12', '7');
INSERT INTO COMPOSITION (pallet_id, product_id, number_of_products) VALUES ('47', '7', '8');
INSERT INTO COMPOSITION (pallet_id, product_id, number_of_products) VALUES ('47', '4', '6');
INSERT INTO COMPOSITION (pallet_id, product_id, number_of_products) VALUES ('48', '18', '2');
INSERT INTO COMPOSITION (pallet_id, product_id, number_of_products) VALUES ('49', '4', '5');
INSERT INTO COMPOSITION (pallet_id, product_id, number_of_products) VALUES ('50', '1', '8');
INSERT INTO COMPOSITION (pallet_id, product_id, number_of_products) VALUES ('50', '19', '6');
INSERT INTO COMPOSITION (pallet_id, product_id, number_of_products) VALUES ('50', '2', '3');
INSERT INTO COMPOSITION (pallet_id, product_id, number_of_products) VALUES ('50', '29', '9');
INSERT INTO COMPOSITION (pallet_id, product_id, number_of_products) VALUES ('50', '25', '1');
INSERT INTO COMPOSITION (pallet_id, product_id, number_of_products) VALUES ('51', '6', '2');
INSERT INTO COMPOSITION (pallet_id, product_id, number_of_products) VALUES ('52', '9', '1');
INSERT INTO COMPOSITION (pallet_id, product_id, number_of_products) VALUES ('52', '12', '10');
INSERT INTO COMPOSITION (pallet_id, product_id, number_of_products) VALUES ('52', '23', '3');
INSERT INTO COMPOSITION (pallet_id, product_id, number_of_products) VALUES ('52', '15', '9');
INSERT INTO COMPOSITION (pallet_id, product_id, number_of_products) VALUES ('52', '3', '4');
INSERT INTO COMPOSITION (pallet_id, product_id, number_of_products) VALUES ('53', '11', '1');
INSERT INTO COMPOSITION (pallet_id, product_id, number_of_products) VALUES ('54', '12', '8');
INSERT INTO COMPOSITION (pallet_id, product_id, number_of_products) VALUES ('54', '18', '6');
INSERT INTO COMPOSITION (pallet_id, product_id, number_of_products) VALUES ('54', '11', '10');
INSERT INTO COMPOSITION (pallet_id, product_id, number_of_products) VALUES ('55', '1', '5');
INSERT INTO COMPOSITION (pallet_id, product_id, number_of_products) VALUES ('56', '32', '9');
INSERT INTO COMPOSITION (pallet_id, product_id, number_of_products) VALUES ('56', '22', '1');
INSERT INTO COMPOSITION (pallet_id, product_id, number_of_products) VALUES ('57', '21', '5');
INSERT INTO COMPOSITION (pallet_id, product_id, number_of_products) VALUES ('57', '17', '1');
INSERT INTO COMPOSITION (pallet_id, product_id, number_of_products) VALUES ('57', '16', '10');
INSERT INTO COMPOSITION (pallet_id, product_id, number_of_products) VALUES ('57', '25', '7');
INSERT INTO COMPOSITION (pallet_id, product_id, number_of_products) VALUES ('57', '19', '9');
INSERT INTO COMPOSITION (pallet_id, product_id, number_of_products) VALUES ('58', '28', '7');
INSERT INTO COMPOSITION (pallet_id, product_id, number_of_products) VALUES ('58', '7', '1');
INSERT INTO COMPOSITION (pallet_id, product_id, number_of_products) VALUES ('59', '23', '2');
INSERT INTO COMPOSITION (pallet_id, product_id, number_of_products) VALUES ('59', '11', '3');
INSERT INTO COMPOSITION (pallet_id, product_id, number_of_products) VALUES ('59', '20', '3');
INSERT INTO COMPOSITION (pallet_id, product_id, number_of_products) VALUES ('59', '22', '5');
INSERT INTO COMPOSITION (pallet_id, product_id, number_of_products) VALUES ('59', '1', '3');
INSERT INTO COMPOSITION (pallet_id, product_id, number_of_products) VALUES ('60', '32', '2');
INSERT INTO COMPOSITION (pallet_id, product_id, number_of_products) VALUES ('61', '31', '8');
INSERT INTO COMPOSITION (pallet_id, product_id, number_of_products) VALUES ('61', '14', '4');
INSERT INTO COMPOSITION (pallet_id, product_id, number_of_products) VALUES ('62', '18', '6');
INSERT INTO COMPOSITION (pallet_id, product_id, number_of_products) VALUES ('62', '17', '4');
INSERT INTO COMPOSITION (pallet_id, product_id, number_of_products) VALUES ('62', '10', '5');
INSERT INTO COMPOSITION (pallet_id, product_id, number_of_products) VALUES ('63', '32', '4');
INSERT INTO COMPOSITION (pallet_id, product_id, number_of_products) VALUES ('63', '12', '3');
INSERT INTO COMPOSITION (pallet_id, product_id, number_of_products) VALUES ('63', '13', '2');
INSERT INTO COMPOSITION (pallet_id, product_id, number_of_products) VALUES ('64', '32', '5');
INSERT INTO COMPOSITION (pallet_id, product_id, number_of_products) VALUES ('64', '13', '2');
INSERT INTO COMPOSITION (pallet_id, product_id, number_of_products) VALUES ('65', '23', '1');
INSERT INTO COMPOSITION (pallet_id, product_id, number_of_products) VALUES ('66', '5', '9');
INSERT INTO COMPOSITION (pallet_id, product_id, number_of_products) VALUES ('66', '28', '5');
INSERT INTO COMPOSITION (pallet_id, product_id, number_of_products) VALUES ('66', '21', '4');
INSERT INTO COMPOSITION (pallet_id, product_id, number_of_products) VALUES ('66', '8', '9');
INSERT INTO COMPOSITION (pallet_id, product_id, number_of_products) VALUES ('66', '4', '4');
INSERT INTO COMPOSITION (pallet_id, product_id, number_of_products) VALUES ('67', '23', '4');
INSERT INTO COMPOSITION (pallet_id, product_id, number_of_products) VALUES ('67', '29', '2');
INSERT INTO COMPOSITION (pallet_id, product_id, number_of_products) VALUES ('67', '28', '6');
INSERT INTO COMPOSITION (pallet_id, product_id, number_of_products) VALUES ('68', '32', '4');
INSERT INTO COMPOSITION (pallet_id, product_id, number_of_products) VALUES ('68', '4', '1');
INSERT INTO COMPOSITION (pallet_id, product_id, number_of_products) VALUES ('68', '9', '2');
INSERT INTO COMPOSITION (pallet_id, product_id, number_of_products) VALUES ('68', '24', '9');
INSERT INTO COMPOSITION (pallet_id, product_id, number_of_products) VALUES ('68', '10', '8');
INSERT INTO COMPOSITION (pallet_id, product_id, number_of_products) VALUES ('69', '15', '10');
INSERT INTO COMPOSITION (pallet_id, product_id, number_of_products) VALUES ('69', '30', '5');
INSERT INTO COMPOSITION (pallet_id, product_id, number_of_products) VALUES ('70', '13', '3');
INSERT INTO COMPOSITION (pallet_id, product_id, number_of_products) VALUES ('70', '5', '4');
INSERT INTO COMPOSITION (pallet_id, product_id, number_of_products) VALUES ('71', '16', '7');
INSERT INTO COMPOSITION (pallet_id, product_id, number_of_products) VALUES ('71', '29', '9');
INSERT INTO COMPOSITION (pallet_id, product_id, number_of_products) VALUES ('72', '21', '7');
INSERT INTO COMPOSITION (pallet_id, product_id, number_of_products) VALUES ('72', '11', '10');
INSERT INTO COMPOSITION (pallet_id, product_id, number_of_products) VALUES ('72', '13', '6');
INSERT INTO COMPOSITION (pallet_id, product_id, number_of_products) VALUES ('72', '2', '9');
INSERT INTO COMPOSITION (pallet_id, product_id, number_of_products) VALUES ('72', '15', '2');
INSERT INTO COMPOSITION (pallet_id, product_id, number_of_products) VALUES ('73', '23', '5');
INSERT INTO COMPOSITION (pallet_id, product_id, number_of_products) VALUES ('73', '7', '5');
INSERT INTO COMPOSITION (pallet_id, product_id, number_of_products) VALUES ('73', '6', '10');
INSERT INTO COMPOSITION (pallet_id, product_id, number_of_products) VALUES ('73', '5', '8');
INSERT INTO COMPOSITION (pallet_id, product_id, number_of_products) VALUES ('74', '5', '1');
INSERT INTO COMPOSITION (pallet_id, product_id, number_of_products) VALUES ('74', '21', '7');
INSERT INTO COMPOSITION (pallet_id, product_id, number_of_products) VALUES ('74', '9', '3');
INSERT INTO COMPOSITION (pallet_id, product_id, number_of_products) VALUES ('74', '24', '8');
INSERT INTO COMPOSITION (pallet_id, product_id, number_of_products) VALUES ('75', '25', '1');
INSERT INTO COMPOSITION (pallet_id, product_id, number_of_products) VALUES ('75', '1', '5');
INSERT INTO COMPOSITION (pallet_id, product_id, number_of_products) VALUES ('75', '21', '7');
INSERT INTO COMPOSITION (pallet_id, product_id, number_of_products) VALUES ('75', '9', '10');
INSERT INTO COMPOSITION (pallet_id, product_id, number_of_products) VALUES ('76', '9', '4');
INSERT INTO COMPOSITION (pallet_id, product_id, number_of_products) VALUES ('77', '32', '1');
INSERT INTO COMPOSITION (pallet_id, product_id, number_of_products) VALUES ('77', '3', '10');
INSERT INTO COMPOSITION (pallet_id, product_id, number_of_products) VALUES ('77', '4', '8');
INSERT INTO COMPOSITION (pallet_id, product_id, number_of_products) VALUES ('78', '27', '3');
INSERT INTO COMPOSITION (pallet_id, product_id, number_of_products) VALUES ('78', '23', '6');
INSERT INTO COMPOSITION (pallet_id, product_id, number_of_products) VALUES ('78', '5', '4');
INSERT INTO COMPOSITION (pallet_id, product_id, number_of_products) VALUES ('79', '20', '4');
INSERT INTO COMPOSITION (pallet_id, product_id, number_of_products) VALUES ('79', '23', '9');
INSERT INTO COMPOSITION (pallet_id, product_id, number_of_products) VALUES ('79', '25', '2');
INSERT INTO COMPOSITION (pallet_id, product_id, number_of_products) VALUES ('79', '17', '8');
INSERT INTO COMPOSITION (pallet_id, product_id, number_of_products) VALUES ('80', '15', '3');
INSERT INTO COMPOSITION (pallet_id, product_id, number_of_products) VALUES ('80', '18', '2');
INSERT INTO COMPOSITION (pallet_id, product_id, number_of_products) VALUES ('80', '32', '5');
INSERT INTO COMPOSITION (pallet_id, product_id, number_of_products) VALUES ('80', '6', '8');
INSERT INTO COMPOSITION (pallet_id, product_id, number_of_products) VALUES ('80', '20', '5');
INSERT INTO COMPOSITION (pallet_id, product_id, number_of_products) VALUES ('81', '16', '5');
INSERT INTO COMPOSITION (pallet_id, product_id, number_of_products) VALUES ('81', '18', '1');
INSERT INTO COMPOSITION (pallet_id, product_id, number_of_products) VALUES ('81', '10', '2');
INSERT INTO COMPOSITION (pallet_id, product_id, number_of_products) VALUES ('81', '32', '7');
INSERT INTO COMPOSITION (pallet_id, product_id, number_of_products) VALUES ('81', '28', '2');
INSERT INTO COMPOSITION (pallet_id, product_id, number_of_products) VALUES ('82', '12', '10');
INSERT INTO COMPOSITION (pallet_id, product_id, number_of_products) VALUES ('82', '24', '10');
INSERT INTO COMPOSITION (pallet_id, product_id, number_of_products) VALUES ('82', '19', '8');
INSERT INTO COMPOSITION (pallet_id, product_id, number_of_products) VALUES ('82', '21', '7');
INSERT INTO COMPOSITION (pallet_id, product_id, number_of_products) VALUES ('82', '8', '9');
INSERT INTO COMPOSITION (pallet_id, product_id, number_of_products) VALUES ('83', '7', '2');
INSERT INTO COMPOSITION (pallet_id, product_id, number_of_products) VALUES ('83', '14', '5');
INSERT INTO COMPOSITION (pallet_id, product_id, number_of_products) VALUES ('83', '25', '3');
INSERT INTO COMPOSITION (pallet_id, product_id, number_of_products) VALUES ('83', '21', '10');
INSERT INTO COMPOSITION (pallet_id, product_id, number_of_products) VALUES ('84', '9', '7');
INSERT INTO COMPOSITION (pallet_id, product_id, number_of_products) VALUES ('84', '24', '8');
INSERT INTO COMPOSITION (pallet_id, product_id, number_of_products) VALUES ('84', '1', '3');
INSERT INTO COMPOSITION (pallet_id, product_id, number_of_products) VALUES ('84', '28', '1');
INSERT INTO COMPOSITION (pallet_id, product_id, number_of_products) VALUES ('85', '9', '9');
INSERT INTO COMPOSITION (pallet_id, product_id, number_of_products) VALUES ('85', '20', '8');
INSERT INTO COMPOSITION (pallet_id, product_id, number_of_products) VALUES ('85', '12', '8');
INSERT INTO COMPOSITION (pallet_id, product_id, number_of_products) VALUES ('85', '31', '1');
INSERT INTO COMPOSITION (pallet_id, product_id, number_of_products) VALUES ('85', '23', '2');
INSERT INTO COMPOSITION (pallet_id, product_id, number_of_products) VALUES ('86', '26', '6');
INSERT INTO COMPOSITION (pallet_id, product_id, number_of_products) VALUES ('87', '3', '10');
INSERT INTO COMPOSITION (pallet_id, product_id, number_of_products) VALUES ('87', '4', '3');
INSERT INTO COMPOSITION (pallet_id, product_id, number_of_products) VALUES ('87', '6', '10');
INSERT INTO COMPOSITION (pallet_id, product_id, number_of_products) VALUES ('87', '21', '8');
INSERT INTO COMPOSITION (pallet_id, product_id, number_of_products) VALUES ('88', '5', '10');
INSERT INTO COMPOSITION (pallet_id, product_id, number_of_products) VALUES ('88', '11', '4');
INSERT INTO COMPOSITION (pallet_id, product_id, number_of_products) VALUES ('88', '15', '9');
INSERT INTO COMPOSITION (pallet_id, product_id, number_of_products) VALUES ('89', '8', '6');
INSERT INTO COMPOSITION (pallet_id, product_id, number_of_products) VALUES ('89', '15', '6');
INSERT INTO COMPOSITION (pallet_id, product_id, number_of_products) VALUES ('89', '29', '8');
INSERT INTO COMPOSITION (pallet_id, product_id, number_of_products) VALUES ('90', '31', '3');
INSERT INTO COMPOSITION (pallet_id, product_id, number_of_products) VALUES ('90', '19', '8');
INSERT INTO COMPOSITION (pallet_id, product_id, number_of_products) VALUES ('90', '3', '10');
INSERT INTO COMPOSITION (pallet_id, product_id, number_of_products) VALUES ('90', '12', '8');
INSERT INTO COMPOSITION (pallet_id, product_id, number_of_products) VALUES ('90', '26', '7');
INSERT INTO COMPOSITION (pallet_id, product_id, number_of_products) VALUES ('91', '20', '10');
INSERT INTO COMPOSITION (pallet_id, product_id, number_of_products) VALUES ('92', '20', '8');
INSERT INTO COMPOSITION (pallet_id, product_id, number_of_products) VALUES ('92', '18', '9');
INSERT INTO COMPOSITION (pallet_id, product_id, number_of_products) VALUES ('92', '6', '4');
INSERT INTO COMPOSITION (pallet_id, product_id, number_of_products) VALUES ('92', '5', '6');
INSERT INTO COMPOSITION (pallet_id, product_id, number_of_products) VALUES ('93', '24', '1');
INSERT INTO COMPOSITION (pallet_id, product_id, number_of_products) VALUES ('94', '26', '5');
INSERT INTO COMPOSITION (pallet_id, product_id, number_of_products) VALUES ('94', '16', '7');
INSERT INTO COMPOSITION (pallet_id, product_id, number_of_products) VALUES ('95', '6', '6');
INSERT INTO COMPOSITION (pallet_id, product_id, number_of_products) VALUES ('95', '2', '8');
INSERT INTO COMPOSITION (pallet_id, product_id, number_of_products) VALUES ('95', '29', '10');
INSERT INTO COMPOSITION (pallet_id, product_id, number_of_products) VALUES ('96', '28', '6');
INSERT INTO COMPOSITION (pallet_id, product_id, number_of_products) VALUES ('97', '6', '5');
INSERT INTO COMPOSITION (pallet_id, product_id, number_of_products) VALUES ('97', '3', '4');
INSERT INTO COMPOSITION (pallet_id, product_id, number_of_products) VALUES ('98', '17', '2');
INSERT INTO COMPOSITION (pallet_id, product_id, number_of_products) VALUES ('98', '13', '2');
INSERT INTO COMPOSITION (pallet_id, product_id, number_of_products) VALUES ('98', '24', '9');
INSERT INTO COMPOSITION (pallet_id, product_id, number_of_products) VALUES ('98', '32', '1');
INSERT INTO COMPOSITION (pallet_id, product_id, number_of_products) VALUES ('98', '20', '5');
INSERT INTO COMPOSITION (pallet_id, product_id, number_of_products) VALUES ('99', '4', '6');
INSERT INTO COMPOSITION (pallet_id, product_id, number_of_products) VALUES ('99', '11', '8');
INSERT INTO COMPOSITION (pallet_id, product_id, number_of_products) VALUES ('99', '7', '9');
INSERT INTO COMPOSITION (pallet_id, product_id, number_of_products) VALUES ('100', '4', '10');
INSERT INTO COMPOSITION (pallet_id, product_id, number_of_products) VALUES ('100', '28', '5');
INSERT INTO COMPOSITION (pallet_id, product_id, number_of_products) VALUES ('100', '6', '9');
INSERT INTO COMPOSITION (pallet_id, product_id, number_of_products) VALUES ('100', '19', '3');
INSERT INTO COMPOSITION (pallet_id, product_id, number_of_products) VALUES ('100', '8', '6');


